feature,coefficient
Size_sqft,149.28023032629554
Bedrooms,23913.147792706357
Age_years,-3800.383877159309
